category,name,pixel_width,pixel_height,size_width,size_height
常用尺寸,一寸照,295,413,25,35
常用尺寸,二寸照,413,579,35,49
常用尺寸,大一寸照,390,567,33,48
常用尺寸,小一寸照,260,378,22,32
常用尺寸,大二寸照,413,626,35,53
常用尺寸,小二寸照,413,531,35,45
常用尺寸,三寸照,650,992,55,84
常用尺寸,四寸照,898,1181,76,100
近期热门,标准证件照,462,612,35,48
近期热门,卫生资格考试,590,826,25,35
近期热门,身份证 (无回执),358,441,26,32
近期热门,驾驶证,260,378,22,32
近期热门,大学生图像信息采集,480,640,41,54
近期热门,社保卡,307,378,26,32
近期热门,国考报名,413,531,35,45
近期热门,护士资格考试,590,826,25,35
近期热门,护照 (无回执),390,567,33,48
近期热门,美国签证,602,602,51,51
近期热门,云南教师编制考试,480,640,41,54
近期热门,公务员考试,413,531,35,45
考试证照,执业药师资格考试,295,413,25,35
考试证照,专升本考试,480,640,39,52
考试证照,执业医师资格考试,295,413,25,35
考试证照,高考报名,484,637,41,54
考试证照,国家司法考试,413,626,35,53
考试证照,国家公务员考试,295,413,25,35
考试证照,学籍照片,307,378,26,32
考试证照,卫生资格考试,590,826,25,35
考试证照,国考报名,413,531,35,45
考试证照,护士资格考试,590,826,25,35
考试证照,云南教师编制考试,480,640,41,54
考试证照,公务员考试,413,531,35,45
考试证照,教师资格证,354,472,30,40
考试证照,普通话水平测试,390,567,33,48
考试证照,社工资格证,295,413,25,35
考试证照,消防设施操作员,400,560,33,48
考试证照,会计职称考试,590,826,25,35
考试证照,特岗教师报名,358,441,26,32
考试证照,道路运输从业资格证,295,413,25,35
考试证照,二级建造师,295,413,25,35
考试证照,英语四六级考试,360,567,33,48
考试证照,计算机等级考试,660,960,33,48
考试证照,书画等级考试,413,579,35,49
考试证照,四川公务员,295,413,25,35
考试证照,健康管理师,295,413,25,35
考试证照,陕西行政执法证,295,413,25,35
考试证照,研究生证,425,567,36,48
考试证照,一级建造师,295,413,25,35
考试证照,房地产经纪人职业资格证,295,413,25,35
考试证照,国家医学考试,413,531,35,45
考试证照,证劵从业资格证,295,413,25,35
考试证照,深圳行政执法证,472,630,40,53
考试证照,日语能力考试,360,480,30,40
考试证照,广东行政执法证,472,630,40,53
考试证照,注册会计师报名,178,220,30,37
考试证照,山东公务员,413,531,35,45
考试证照,监理工程师,295,413,25,35
考试证照,初、中级经济师,295,413,25,35
考试证照,江西安全监管执法证,295,413,25,35
考试证照,四川行政执法证,413,531,35,45
考试证照,浙江行政执法证,295,413,25,35
考试证照,江苏南京教师招聘考试,240,320,20,27
考试证照,吉林省特岗教师,120,150,10,13
考试证照,税务师职业资格考试,295,413,25,35
考试证照,中小学教师资格证,500,700,25,35
考试证照,保险从业资格证,210,370,18,31
考试证照,导游证,295,413,25,35
考试证照,幼儿教师资格证,295,413,25,35
考试证照,江西行政执法证,283,378,24,32
考试证照,人力资源管理师,413,579,35,49
考试证照,安徽教师招聘考试,295,413,25,35
考试证照,河南行政执法证,472,630,40,53
考试证照,西藏公务员,295,413,25,35
考试证照,重庆公务员,413,531,35,45
考试证照,甘肃公务员,295,413,25,35
考试证照,陕西公务员,413,531,35,45
考试证照,海南公务员,413,531,35,45
考试证照,广西公务员,295,413,25,35
考试证照,安徽公务员,413,531,35,45
考试证照,江西公务员,413,531,35,45
考试证照,天津公务员,413,531,35,45
考试证照,内蒙古公务员,413,531,35,45
考试证照,福建公务员,413,531,35,45
考试证照,北京公务员,400,600,34,51
考试证照,河南公务员,295,413,25,35
考试证照,吉林公务员,413,531,35,45
考试证照,湖南公务员,295,413,25,35
考试证照,黑龙江公务员,295,413,25,35
考试证照,广东公务员,413,531,35,45
考试证照,宁夏公务员,413,531,35,45
考试证照,贵州公务员,295,413,25,35
考试证照,云南公务员,413,531,35,45
考试证照,西疆公务员,413,531,35,45
考试证照,湖北公务员,295,413,25,35
考试证照,翻译资格考试报名,295,413,25,35
考试证照,兰州教师招聘考试,295,413,25,35
考试证照,专业代理人资格考试,390,567,33,48
考试证照,安全评估师,331,437,28,37
考试证照,资产评估师,295,413,25,35
考试证照,全国林业执法证,260,390,22,33
考试证照,深圳行政执法证,472,630,40,53
考试证照,云南特岗教师报名,142,171,12,14
护照签证,护照 (无回执),390,567,33,48
护照签证,美国签证,602,602,51,51
护照签证,日本签证,413,531,35,45
护照签证,港澳通行证 (无回执),390,567,33,48
护照签证,新西兰签证,413,531,35,45
护照签证,澳大利亚签证,413,531,35,45
护照签证,新加坡签证,413,531,35,45
护照签证,因公电子护照,354,472,30,40
护照签证,韩国签证,413,531,35,45
护照签证,印度签证,591,591,50,50
护照签证,越南签证 (40x60),472,709,40,60
护照签证,越南签证 (35x45),413,531,35,45
护照签证,加拿大签证,413,531,35,45
护照签证,马来西亚签证,413,531,35,45
护照签证,泰国签证,413,531,35,45
护照签证,俄罗斯签证,413,531,35,45
护照签证,法国签证,413,531,35,45
护照签证,日本签证,413,531,35,45
护照签证,台湾通行证,390,567,33,48
护照签证,入台证,413,531,35,45
护照签证,迪拜签证,413,531,35,45
护照签证,芬兰签证,413,531,35,45
护照签证,比利时签证,413,531,35,45
护照签证,捷克签证,413,531,35,45
护照签证,叙利亚签证,413,531,35,45
护照签证,蒙古签证,390,567,33,48
护照签证,奥地利签证,413,531,35,45
护照签证,巴基斯坦签证,413,531,35,45
护照签证,柬埔寨签证,413,531,35,45
护照签证,菲律宾签证,413,531,35,45
护照签证,孟加拉签证,413,531,35,45
护照签证,冰岛签证,472,590,40,50
护照签证,伊朗签证,413,531,35,45
护照签证,尼泊尔签证,413,531,35,45
护照签证,老挝签证,413,531,35,45
护照签证,巴西签证,472,590,40,50
护照签证,阿根廷签证,472,590,40,50
护照签证,土库曼斯坦,413,531,35,45
护照签证,阿富汗签证,413,531,35,45
护照签证,吉尔吉斯斯坦签证,295,413,25,35
护照签证,肯尼亚签证,413,531,35,45
护照签证,文莱签证,413,531,35,45
护照签证,缅甸签证,413,531,35,45
护照签证,外国人来华工作许可,390,567,33,48
个人证件,标准证件照,462,612,35,48
个人证件,身份证 (无回执),358,441,26,32
个人证件,驾驶证,260,378,22,32
个人证件,大学生图像信息采集,480,640,41,54
个人证件,社保卡,307,378,26,32
个人证件,求职简历照,462,612,35,48
个人证件,健康证,295,413,25,35
个人证件,微信头像,1000,1000,85,85
个人证件,幼儿园入学照片 (一寸),295,413,25,35
个人证件,退役军人优待证,352,440,30,37
个人证件,医保证 (无回执),307,378,26,32
个人证件,社工,295,413,25,35
个人证件,残疾人证,413,579,35,49
个人证件,交通银行网申,295,413,25,35
个人证件,厦门电子社保卡,264,308,30,35
个人证件,建设银行网申,295,413,25,35